{"title":"Transitioning from SAS to R: A Comprehensive Guide","markdown":{"yaml":{"title":"Transitioning from SAS to R: A Comprehensive Guide","subtitle":"Leveraging R for Statistical Computing and Clinical Data Analysis","author":"Mahesh Divakaran","format":{"revealjs":{"transition":"slide","transition-speed":"fast","theme":["custom.scss"],"slide-number":true,"table-class":"table-hover table-striped table-bordered"}},"editor":"visual","logo":"iqvia.png","logo-position":"top-right","css":"styles.css"},"headingText":"Introduction","containsRefs":false,"markdown":"\n\n\n## Introduction to R\n\n-   R is an open-source programming language widely used for statistical computing and data analysis.\n-   Unlike SAS, R is free and has a vast community contributing packages for various functionalities.\n-   R is widely used in **Clinical Data Analysis**, especially in pharmaceutical companies and CROs.\n\n------------------------------------------------------------------------\n\n## Why R is Growing in Clinical Analysis\n\n-   Regulatory bodies like the **FDA now accept R-based submissions** for clinical trials.\n-   Many pharmaceutical companies are transitioning to R due to its **cost-effectiveness and flexibility**.\n-   R offers **extensive statistical and visualization capabilities**, making it suitable for clinical research.\n-   Open-source nature enables continuous innovation and updates by a global community.\n\n------------------------------------------------------------------------\n\n## Advantages of R Over SAS\n\n-   **Cost-Effective**: R is open-source and free, whereas SAS requires a costly license.\n-   **Extensive Libraries**: Thousands of packages available for statistical modeling and machine learning.\n-   **Better Visualization**: R's **ggplot2** package offers superior graphing capabilities compared to SAS ODS.\n-   **Strong Community Support**: Active global community contributing updates and solutions.\n\n------------------------------------------------------------------------\n\n## R vs. SAS: Key Differences\n\n:::: cell\n::: {.tbl caption=\"Comparison of SAS and R\" tbl-colwidths=\"auto\" tbl-style=\"grid\"}\n| Feature | SAS | R |\n|----------------|---------------------------|-----------------------------|\n| **Cost** | Licensed (Paid) | Open-source (Free) |\n| **Interface** | GUI & Code (PROC, DATA Step) | Primarily Code-Based (RStudio, Jupyter) |\n| **Data Handling** | Structured datasets (SAS datasets) | Flexible (Data frames, tibbles) |\n| **Graphing** | PROC SGPLOT, ODS Graphics | ggplot2, base R graphics |\n| **Extensibility** | Limited to SAS procedures | Thousands of packages via CRAN |\n:::\n::::\n\n------------------------------------------------------------------------\n\n## R’s Role in the Future of Data Science\n\n-   Increasing adoption in **clinical trials, genomics, and epidemiology**.\n-   Expanding use in **AI and machine learning** applications.\n-   More companies are training employees in R due to **its growing demand in the job market**.\n-   Integration with big data platforms like **Spark and Hadoop**.\n\n------------------------------------------------------------------------\n\n## Learning R: First Steps\n\n-   Install R and RStudio for an interactive development environment.\n-   Learn base R functions for **data manipulation and statistical analysis**.\n-   Explore key packages like **dplyr, ggplot2, and tidymodels**.\n-   Join online communities and forums like **RStudio Community, Stack Overflow, and R-Ladies** for support.\n\n# Installing R, RStudio, RTools, and TinyTeX\n\n## Step 1: Install R\n\n1.  Go to [CRAN R Download](https://cran.r-project.org/).\n2.  Choose your operating system:\n    -   **Windows**: Click *Download R for Windows* → *base* → *Download*\n    -   **Mac**: Click *Download R for macOS* and choose the latest package.\n    -   **Linux**: Follow the instructions for your distribution.\n3.  Run the installer and follow the setup instructions.\n\n------------------------------------------------------------------------\n\n## Step 2: Install RStudio\n\n1.  Go to [RStudio Download](https://posit.co/download/rstudio-desktop/).\n2.  Download the installer for your operating system.\n3.  Run the installer and complete the installation.\n\n------------------------------------------------------------------------\n\n## Step 3: Install RTools (Windows Only)\n\n1.  Go to [RTools Download](https://cran.r-project.org/bin/windows/Rtools/).\n2.  Download the latest RTools installer.\n3.  Run the installer and follow the instructions.\n4.  Add RTools to system PATH (if not automatically set).\n\n------------------------------------------------------------------------\n\n## Step 4: Install TinyTeX (For LaTeX Support)\n\n1.  Open RStudio and go to the **Console**.\n\n2.  Run the following command:\n\n    ``` r\n    install.packages(\"tinytex\")\n    tinytex::install_tinytex()\n    ```\n\n3.  Restart RStudio to complete the setup.\n\n------------------------------------------------------------------------\n\n## Step 5: Installing and Loading Packages in R\n\n### Installing a Package\n\n1.  Open RStudio and go to the **Console**.\n\n2.  Use `install.packages(\"package_name\")` to install a package.\n\n    ``` r\n    install.packages(\"dplyr\")\n    ```\n\n## Step 5: Installing and Loading Packages in R\n\n### Loading a Package\n\n1.  Use `library(package_name)` to load a package.\n\n    ``` r\n    library(dplyr)\n    ```\n\n2.  If the package is not installed, install it first.\n\n------------------------------------------------------------------------\n\n## Installation Complete 🎉\n\n-   **Verify R Installation**: Run `R --version` in the terminal.\n-   **Verify RStudio**: Open RStudio and check if R is detected.\n-   **Verify TinyTeX**: Run `tinytex::is_tinytex()` in RStudio.\n\n# Syntax Differences: SAS Data Steps vs. R\n\n## Basic Syntax Differences: SAS Data Steps vs. Tidyverse in R\"\n\n-   SAS primarily relies on **DATA steps and PROC SQL** for data manipulation.\n-   R, especially with the **Tidyverse** package collection, provides a more readable and functional approach.\n-   This session covers key differences in data handling between SAS and R.\n\n------------------------------------------------------------------------\n\n## Data Import: SAS vs. R\n\n### SAS (Importing a CSV File)\n\n``` sas\nPROC IMPORT DATAFILE=\"data.csv\" \n    OUT=mydata \n    DBMS=CSV \n    REPLACE;\n    GETNAMES=YES;\nRUN;\n```\n\n### R (Using readr from Tidyverse)\n\n``` r\nlibrary(readr)\nmydata <- read_csv(\"data.csv\")\n```\n\n-   **PROC IMPORT** in SAS → `read_csv()` in R.\n-   R functions allow more customization and flexibility.\n\n------------------------------------------------------------------------\n\n## Filtering Data: SAS vs. R\n\n### SAS (Using WHERE in DATA Step)\n\n``` sas\nDATA new_data;\n    SET mydata;\n    WHERE age > 30;\nRUN;\n```\n\n### R (Using dplyr's filter)\n\n``` r\nlibrary(dplyr)\nnew_data <- mydata %>% \n    filter(age > 30)\n```\n\n-   **WHERE statement (SAS)** → `filter()` function (R).\n-   Tidyverse allows piping (`%>%`) for sequential operations.\n\n------------------------------------------------------------------------\n\n## Creating New Variables: SAS vs. R\n\n### SAS (Using DATA Step)\n\n``` sas\nDATA new_data;\n    SET mydata;\n    new_var = old_var * 2;\nRUN;\n```\n\n### R (Using dplyr's mutate)\n\n``` r\nnew_data <- mydata %>% \n    mutate(new_var = old_var * 2)\n```\n\n-   **Assignment in DATA step (SAS)** → `mutate()` function in R.\n-   More intuitive in R with chaining operations.\n\n------------------------------------------------------------------------\n\n## Sorting Data: SAS vs. R\n\n### SAS (Using PROC SORT)\n\n``` sas\nPROC SORT DATA=mydata OUT=sorted_data;\n    BY age;\nRUN;\n```\n\n### R (Using dplyr's arrange)\n\n``` r\nsorted_data <- mydata %>% \n    arrange(age)\n```\n\n-   **PROC SORT (SAS)** → `arrange()` function (R).\n-   R allows sorting by multiple variables using `arrange(var1, desc(var2))`.\n\n------------------------------------------------------------------------\n\n## Removing Duplicates: SAS vs. R\n\n### SAS (Using PROC SORT with NODUPKEY)\n\n``` sas\nPROC SORT DATA=mydata NODUPKEY OUT=unique_data;\n    BY id;\nRUN;\n```\n\n### R (Using distinct from dplyr)\n\n``` r\nunique_data <- mydata %>% \n    distinct(id, .keep_all = TRUE)\n```\n\n-   **PROC SORT with NODUPKEY (SAS)** → `distinct()` function (R).\n\n------------------------------------------------------------------------\n\n## Summarizing Data: SAS vs. R\n\n### SAS (Using PROC MEANS)\n\n``` sas\nPROC MEANS DATA=mydata;\n    VAR salary;\n    CLASS department;\nRUN;\n```\n\n### R (Using dplyr's summarize)\n\n``` r\nsummary_data <- mydata %>% \n    group_by(department) %>% \n    summarize(mean_salary = mean(salary, na.rm = TRUE))\n```\n\n-   **PROC MEANS (SAS)** → `summarize()` function (R).\n-   Grouping done using `group_by()` in R.\n\n------------------------------------------------------------------------\n\n## Merging Data: SAS vs. R\n\n### SAS (Using MERGE in DATA Step)\n\n``` sas\nDATA merged_data;\n    MERGE dataset1 dataset2;\n    BY ID;\nRUN;\n```\n\n### R (Using dplyr's join functions)\n\n``` r\nmerged_data <- left_join(dataset1, dataset2, by = \"ID\")\n```\n\n-   **MERGE statement (SAS)** → `left_join()` or other join functions (R).\n-   R provides multiple join types (inner, outer, left, right) through `dplyr`.\n\n------------------------------------------------------------------------\n\n## Conditional Processing: SAS vs. R\n\n### SAS (Using IF-THEN)\n\n``` sas\nDATA new_data;\n    SET mydata;\n    IF age > 50 THEN category = \"Senior\";\n    ELSE category = \"Junior\";\nRUN;\n```\n\n### R (Using dplyr's mutate and if_else)\n\n``` r\nnew_data <- mydata %>% \n    mutate(category = if_else(age > 50, \"Senior\", \"Junior\"))\n```\n\n-   **IF-THEN logic (SAS)** → `if_else()` function (R).\n\n------------------------------------------------------------------------\n\n## Summary\n\n| Operation         | SAS (Data Step)    | R (Tidyverse) |\n|-------------------|--------------------|---------------|\n| Import Data       | PROC IMPORT        | read_csv()    |\n| Filter Data       | WHERE              | filter()      |\n| Create Variable   | Assignment (=)     | mutate()      |\n| Sort Data         | PROC SORT          | arrange()     |\n| Remove Duplicates | PROC SORT NODUPKEY | distinct()    |\n| Summarize Data    | PROC MEANS         | summarize()   |\n| Merge Data        | MERGE              | left_join()   |\n| Conditional Logic | IF-THEN            | if_else()     |\n\n# Working with Data in R\n\n## Reading and Writing Data\n\n#### Reading CSV Files\n\n``` r\n# Read a CSV file into a data frame\nmy_data <- read.csv(\"data.csv\")\n```\n\n#### Reading Excel Files\n\n``` r\nlibrary(readxl)\nmy_data <- read_excel(\"data.xlsx\", sheet = 1)\n```\n\n#### Reading SAS Files\n\n``` r\nlibrary(haven)\nmy_data <- read_sas(\"data.sas7bdat\")\n```\n\n#### Reading Other Formats\n\n``` r\n# Read a JSON file\nlibrary(jsonlite)\nmy_data <- fromJSON(\"data.json\")\n\n# Read a TXT file\nmy_data <- read.table(\"data.txt\", header = TRUE)\n```\n\n------------------------------------------------------------------------\n\n### Writing Data\n\n#### Writing CSV Files\n\n``` r\nwrite.csv(my_data, \"output.csv\", row.names = FALSE)\n```\n\n\\n\n\n#### Writing Excel Files\n\n``` r\nlibrary(writexl)\nwrite_xlsx(my_data, \"output.xlsx\")\n```\n\n#### Writing SAS Files\n\n``` r\nlibrary(haven)\nwrite_sas(my_data, \"output.sas7bdat\")\n```\n\n#### Writing JSON Files\n\n``` r\nlibrary(jsonlite)\nwrite_json(my_data, \"output.json\")\n```\n\n------------------------------------------------------------------------\n\n## Working with Data Frames\n\n#### Creating a Data Frame\n\n``` r\ndata_frame <- data.frame(\n  ID = 1:5,\n  Name = c(\"Alice\", \"Bob\", \"Charlie\", \"David\", \"Eve\"),\n  Age = c(25, 30, 35, 40, 45)\n)\n```\n\n## Working with Data Frames\n\n### Viewing Data\n\n``` r\nhead(data_frame)\ntail(data_frame)\nstr(data_frame)\nsummary(data_frame)\n```\n\n## Working with Data Frames\n\n### Manipulating Data\n\n``` r\n# Selecting Columns\ndata_frame[, c(\"ID\", \"Name\")]\n\n# Filtering Rows\nsubset(data_frame, Age > 30)\n\n# Adding a New Column\ndata_frame$Salary <- c(50000, 55000, 60000, 65000, 70000)\n```\n\n## Working with Data Frames\n\n### Removing Missing Values\n\n``` r\ndata_frame <- na.omit(data_frame)\n```\n\n------------------------------------------------------------------------\n\n## Summary\n\n-   **Read and write various file formats** (CSV, Excel, SAS, JSON, TXT)\n-   **Create and manipulate data frames**\n-   **Filter, select, and clean data efficiently**\n\nReady to move on to data manipulation techniques with `dplyr`? 🚀\n\n# Data Manipulation\n\n## Introduction to Data Manipulation\n\n::: {style=\"font-size: 70%;\"}\n-   Transforming and cleaning data efficiently\\\n-   Comparing **Tidyverse (R)** and **PROC SQL (SAS)**\\\n-   **Why is data manipulation important?**\n    -   Ensures data accuracy and consistency\\\n    -   Prepares raw data for analysis\\\n    -   Facilitates better decision-making\\\n-   **Key operations:**\n    -   **Filtering**: Extracting specific subsets of data\\\n    -   **Aggregation**: Summarizing numerical data\\\n    -   **Joins**: Merging multiple datasets\\\n    -   **Sorting**: Organizing data efficiently\\\n    -   **Case Statements**: Conditional processing of data\n:::\n\n------------------------------------------------------------------------\n\n## Filtering Data\n\n#### SAS (PROC SQL)\n\n``` sas\nPROC SQL;\n   SELECT * FROM employees\n   WHERE salary > 50000;\nQUIT;\n```\n\n#### R (Tidyverse)\n\n``` r\nlibrary(dplyr)\nemployees %>% \n  filter(salary > 50000)\n```\n\n------------------------------------------------------------------------\n\n## Filtering Data\n\n**Additional filtering operations:**\n\n::: {style=\"font-size: 75%;\"}\n-   **Multiple conditions:**\n    -   SAS: `WHERE salary > 50000 AND department = 'HR';`\n    -   R: `filter(salary > 50000, department == \"HR\")`\n-   **Using OR condition:**\n    -   SAS: `WHERE salary > 50000 OR department = 'HR';`\n    -   R: `filter(salary > 50000 | department == \"HR\")`\n-   **Using IN condition:**\n    -   SAS: `WHERE department IN ('HR', 'Finance');`\n    -   R: `filter(department %in% c(\"HR\", \"Finance\"))`\n:::\n\n------------------------------------------------------------------------\n\n## Aggregation & Summarization\n\n::: {style=\"font-size: 75%;\"}\n#### SAS (PROC SQL)\n\n``` sas\nPROC SQL;\n   SELECT department, AVG(salary) AS avg_salary, COUNT(*) AS total_employees\n   FROM employees\n   GROUP BY department;\nQUIT;\n```\n\n#### R (Tidyverse)\n\n``` r\nemployees %>% \n  group_by(department) %>% \n  summarise(\n    avg_salary = mean(salary),\n    total_employees = n()\n  )\n```\n\n**Additional aggregation operations:**\n\n-   `SUM(salary) AS total_salary` (SAS) → `summarise(total_salary = sum(salary))` (R)\n-   `MIN(salary) AS min_salary, MAX(salary) AS max_salary` (SAS) → `summarise(min_salary = min(salary), max_salary = max(salary))`. (R)\n:::\n\n------------------------------------------------------------------------\n\n## Sorting Data\n\n#### SAS (PROC SQL)\n\n``` sas\nPROC SQL;\n   SELECT * FROM employees\n   ORDER BY salary DESC;\nQUIT;\n```\n\n#### R (Tidyverse)\n\n``` r\nemployees %>% \n  arrange(desc(salary))\n```\n\n**Sorting with multiple columns:**\n\n-   `ORDER BY department, salary DESC` (SAS) → `arrange(department, desc(salary))` (R)\n\n------------------------------------------------------------------------\n\n## Joins (Merging Datasets)\n\n::: {style=\"font-size: 75%;\"}\n#### SAS (PROC SQL)\n\n``` sas\nPROC SQL;\n   SELECT a.*, b.department\n   FROM employees a\n   LEFT JOIN departments b\n   ON a.dept_id = b.dept_id;\nQUIT;\n```\n\n#### R (Tidyverse)\n\n``` r\nemployees %>% \n  left_join(departments, by = \"dept_id\")\n```\n\n**Other join types:**\n\n-   **Inner Join:** `inner_join(employees, departments, by = \"dept_id\")`\n-   **Right Join:** `right_join(employees, departments, by = \"dept_id\")`\n-   **Full Join:** `full_join(employees, departments, by = \"dept_id\")`\n:::\n\n------------------------------------------------------------------------\n\n## Case Statements & Conditional Processing\n\n::: {style=\"font-size: 75%;\"}\n#### SAS (PROC SQL)\n\n``` sas\nPROC SQL;\n   SELECT name, salary,\n   CASE \n      WHEN salary > 70000 THEN 'High'\n      WHEN salary BETWEEN 40000 AND 70000 THEN 'Medium'\n      ELSE 'Low'\n   END AS salary_category\n   FROM employees;\nQUIT;\n```\n\n#### R (Tidyverse)\n\n``` r\nemployees %>% \n  mutate(salary_category = case_when(\n    salary > 70000 ~ \"High\",\n    salary >= 40000 & salary <= 70000 ~ \"Medium\",\n    TRUE ~ \"Low\"\n  ))\n```\n:::\n\n------------------------------------------------------------------------\n\n## Summary\n\n-   **Tidyverse provides concise, readable syntax**\n-   **PROC SQL is familiar to SAS users but more verbose**\n-   **Both methods offer powerful data manipulation tools**\n-   **Additional topics covered:** Case statements, multiple conditions, joins\n\nReady to dive deeper into Statistical Analysis? 🚀\n\n# Statistical Analysis: Basic Modeling & Hypothesis Testing\n\n## Introduction to Statistical Analysis\n\n-   Understanding key statistical concepts\n-   Comparing **SAS (PROC)** and **R (Base R & Tidyverse)**\n-   **Key Topics:**\n    -   Descriptive Statistics\n    -   Hypothesis Testing\n    -   Regression Analysis\n    -   Model Diagnostics\n\n------------------------------------------------------------------------\n\n## Descriptive Statistics\n\n#### SAS (PROC MEANS & PROC FREQ)\n\n``` sas\nPROC MEANS DATA=dataset MEAN MEDIAN STD MIN MAX;\n   VAR age salary;\nRUN;\n\nPROC FREQ DATA=dataset;\n   TABLES gender job_role;\nRUN;\n```\n\n#### R (Base R & Tidyverse)\n\n``` r\nsummary(dataset[, c(\"age\", \"salary\")])\n\nlibrary(dplyr)\ndataset %>% summarise(\n  mean_age = mean(age, na.rm = TRUE),\n  median_salary = median(salary, na.rm = TRUE),\n  sd_salary = sd(salary, na.rm = TRUE)\n)\n\ntable(dataset$gender)\n```\n\n------------------------------------------------------------------------\n\n## Hypothesis Testing\n\n::: {style=\"font-size: 75%;\"}\n### t-Test (Comparing Means)\n\n### SAS\n\n``` sas\nPROC TTEST DATA=mydata;\n   CLASS group;\n   VAR outcome;\nRUN;\n```\n\n### R\n\n``` r\nt.test(outcome ~ group, data = mydata)\n```\n\n### z-Test (Comparing Proportions)\n\n### SAS\n\n``` sas\nPROC FREQ DATA=mydata;\n   TABLES group*outcome / CHISQ;\nRUN;\n```\n\n### R\n\n``` r\nprop.test(x = c(45, 55), n = c(100, 100))\n```\n:::\n\n------------------------------------------------------------------------\n\n## Chi-Square Test (Categorical Variables)\n\n#### SAS (PROC FREQ)\n\n``` sas\nPROC FREQ DATA=dataset;\n   TABLES gender*job_role / CHISQ;\nRUN;\n```\n\n#### R (chisq.test Function)\n\n``` r\ntable_data <- table(dataset$gender, dataset$job_role)\nchisq.test(table_data)\n```\n\n------------------------------------------------------------------------\n\n## Non-Parametric Tests\n\n::: {style=\"font-size: 75%;\"}\n### Wilcoxon Rank-Sum Test (Mann-Whitney U Test)\n\n#### SAS\n\n``` sas\nPROC NPAR1WAY WILCOXON DATA=mydata;\n   CLASS group;\n   VAR outcome;\nRUN;\n```\n\n#### R\n\n``` r\nwilcox.test(outcome ~ group, data = mydata)\n```\n\n### Kruskal-Wallis Test (Non-Parametric ANOVA)\n\n#### SAS\n\n``` sas\nPROC NPAR1WAY DATA=mydata WILCOXON;\n   CLASS group;\n   VAR outcome;\nRUN;\n```\n\n#### R\n\n``` r\nkruskal.test(outcome ~ group, data = mydata)\n```\n:::\n\n------------------------------------------------------------------------\n\n## Correlation Analysis\n\n#### SAS\n\n``` sas\nPROC CORR DATA=mydata;\n   VAR var1 var2;\nRUN;\n```\n\n#### R\n\n``` r\ncor.test(mydata$var1, mydata$var2)\n```\n\n## ANOVA (Comparing Multiple Groups)\n\n#### SAS (PROC ANOVA)\n\n``` sas\nPROC ANOVA DATA=dataset;\n   CLASS job_role;\n   MODEL salary = job_role;\n   MEANS job_role / TUKEY;\nRUN;\n```\n\n#### R (aov Function)\n\n``` r\nanova_model <- aov(salary ~ job_role, data = dataset)\nsummary(anova_model)\n```\n\n------------------------------------------------------------------------\n\n## Regression Analysis\n\n::: {style=\"font-size: 75%;\"}\n### Linear Regression\n\n#### SAS (PROC REG)\n\n``` sas\nPROC REG DATA=dataset;\n   MODEL salary = age experience education;\nRUN;\nQUIT;\n```\n\n#### R (lm Function)\n\n``` r\nlm_model <- lm(salary ~ age + experience + education, data = dataset)\nsummary(lm_model)\n```\n\n### Logistic Regression\n\n#### SAS (PROC LOGISTIC)\n\n``` sas\nPROC LOGISTIC DATA=dataset;\n   MODEL promotion (EVENT='1') = age experience salary;\nRUN;\n```\n\n#### R (glm Function)\n\n``` r\nglm_model <- glm(promotion ~ age + experience + salary, data = dataset, family = binomial)\nsummary(glm_model)\n```\n:::\n\n------------------------------------------------------------------------\n\n## Model Diagnostics & Interpretation\n\n#### SAS (PROC REG Diagnostics)\n\n``` sas\nPROC REG DATA=dataset PLOTS=ALL;\n   MODEL salary = age experience education;\nRUN;\n```\n\n#### R (Diagnostic Plots)\n\n``` r\npar(mfrow=c(2,2))\nplot(lm_model)\n```\n\n------------------------------------------------------------------------\n\n## Summary\n\n✔ **Descriptive statistics** help understand data distribution.\\\n✔ **Hypothesis tests (t-test, chi-square, ANOVA)** determine significance.\\\n✔ **Regression models (linear/logistic)** predict outcomes.\\\n✔ **Model diagnostics** check the validity of results.\n\nReady to explore **Data Visualization**? 🚀\n\n# Visualization with R - ggplot2 vs. SAS\n\n## Introduction to Data Visualization\n\n-   Importance of effective data visualization\n-   Comparing **ggplot2 (R)** and **PROC SGPLOT (SAS)**\n-   Key visualization techniques:\n    -   **Bar Charts**\n    -   **Histograms & Density Plots**\n    -   **Scatter Plots**\n    -   **Box Plots**\n    -   **Facet Grids**\n    -   **Custom Themes & Labels**\n\n------------------------------------------------------------------------\n\n## Bar Charts\n\n#### SAS (PROC SGPLOT)\n\n``` sas\nPROC SGPLOT DATA=sashelp.class;\n   VBAR age / RESPONSE=height STAT=MEAN;\nRUN;\n```\n\n#### R (ggplot2)\n\n``` r\nlibrary(ggplot2)\nggplot(data = class, aes(x = age, y = height)) +\n  geom_bar(stat = \"summary\", fun = \"mean\")\n```\n\n##### Additional Features:\n\n-   **Stacked Bar Chart**: `geom_bar(position = \"stack\")`\n-   **Grouped Bar Chart**: `geom_bar(position = \"dodge\")`\n-   **Adding Labels**: `geom_text(aes(label = height))`\n\n------------------------------------------------------------------------\n\n## Histograms & Density Plots\n\n#### SAS (PROC SGPLOT)\n\n``` sas\nPROC SGPLOT DATA=sashelp.class;\n   HISTOGRAM height / NBINS=10;\n   DENSITY height;\nRUN;\n```\n\n#### R (ggplot2)\n\n``` r\nggplot(data = class, aes(x = height)) +\n  geom_histogram(bins = 10, fill = \"blue\", alpha = 0.5) +\n  geom_density(color = \"red\")\n```\n\n##### Enhancements:\n\n-   **Change bin width**: `geom_histogram(binwidth = 5)`\n-   **Overlay multiple distributions**\n\n------------------------------------------------------------------------\n\n## Scatter Plots\n\n#### SAS (PROC SGPLOT)\n\n``` sas\nPROC SGPLOT DATA=sashelp.class;\n   SCATTER x=height y=weight;\nRUN;\n```\n\n#### R (ggplot2)\n\n``` r\nggplot(data = class, aes(x = height, y = weight)) +\n  geom_point(color = \"blue\")\n```\n\n##### Additional Features:\n\n-   **Adding trend lines**: `geom_smooth(method = \"lm\")`\n-   **Coloring by category**: `aes(color = gender)`\n\n------------------------------------------------------------------------\n\n## Box Plots\n\n#### SAS (PROC SGPLOT)\n\n``` sas\nPROC SGPLOT DATA=sashelp.class;\n   VBOX height / CATEGORY=age;\nRUN;\n```\n\n#### R (ggplot2)\n\n``` r\nggplot(data = class, aes(x = as.factor(age), y = height)) +\n  geom_boxplot(fill = \"lightblue\")\n```\n\n##### Customizations:\n\n-   **Change colors**: `fill = \"red\"`\n-   **Add jittered points**: `geom_jitter()`\n\n------------------------------------------------------------------------\n\n## Facet Grids & Custom Themes\n\n#### SAS (PROC SGPANEL)\n\n``` sas\nPROC SGPANEL DATA=sashelp.class;\n   PANELBY gender;\n   SCATTER x=height y=weight;\nRUN;\n```\n\n#### R (ggplot2)\n\n``` r\nggplot(data = class, aes(x = height, y = weight)) +\n  geom_point() +\n  facet_wrap(~ gender)\n```\n\n##### Custom Themes:\n\n``` r\nggplot(data = class, aes(x = height, y = weight)) +\n  geom_point() +\n  theme_minimal()\n```\n\n------------------------------------------------------------------------\n\n## Summary\n\n-   **ggplot2 provides layered, flexible visualizations**\n-   **SAS PROC SGPLOT is powerful but less flexible**\n-   **Both support statistical overlays, facet grids, and custom themes**\n-   **Choosing the right tool depends on data complexity and output requirements**\n\nNext, we'll dive into **SAS Macros vs. R Functions** 🚀\n\n# SAS Macros vs. R Functions\n\n## Introduction to Automation in SAS & R\n\n-   Why automate repetitive tasks?\n-   **SAS Macros** vs. **R Functions**\n-   Key comparisons:\n    -   **Concepts & Differences**\n    -   **Parameterization**\n    -   **Looping & Iteration**\n    -   **Conditional Execution**\n    -   **Modular Code Reuse**\n    -   **Debugging & Error Handling**\n\n------------------------------------------------------------------------\n\n## Concepts & Differences\n\n::: {style=\"font-size: 90%;\"}\n| Feature | SAS Macros | R Functions |\n|------------------|---------------------------|---------------------------|\n| Definition | Preprocessor for code automation | Self-contained reusable block of code |\n| Execution | Executes before SAS compiles | Executes during runtime |\n| Scope | Operates at the text level | Operates on objects/data |\n| Debugging | Requires macro options (`MPRINT`, `SYMBOLGEN`) | Easier with built-in debugging tools |\n| Flexibility | Primarily for SAS workflows | Used in multiple domains, including ML, visualization |\n:::\n\n------------------------------------------------------------------------\n\n## Defining a Simple Macro/Function\n\n### SAS Macro\n\n``` sas\n%MACRO summarize_data(dataset, var);\n   PROC MEANS DATA=&dataset;\n      VAR &var;\n   RUN;\n%MEND summarize_data;\n\n%summarize_data(sashelp.class, height);\n```\n\n### R Function\n\n``` r\nsummarize_data <- function(dataset, var) {\n  dataset %>% \n    summarise(mean_value = mean(.data[[var]], na.rm = TRUE))\n}\n\nsummarize_data(class, \"height\")\n```\n\n------------------------------------------------------------------------\n\n## Looping & Iteration\n\n### SAS Macro Loop\n\n``` sas\n%MACRO loop_example;\n   %DO i = 1 %TO 5;\n      %PUT Loop Iteration: &i;\n   %END;\n%MEND loop_example;\n\n%loop_example;\n```\n\n### R Function with Loop\n\n``` r\nloop_example <- function() {\n  for (i in 1:5) {\n    print(paste(\"Loop Iteration:\", i))\n  }\n}\n\nloop_example()\n```\n\n::: {style=\"font-size: 68%;\"}\n## Conditional Execution in Clinical Analysis\n\n### SAS Macro for Adverse Event (AE) Count Check\n\n``` sas\n%MACRO check_ae_count(dataset, threshold);\n   PROC SQL NOPRINT;\n      SELECT COUNT(*) INTO :ae_count\n      FROM &dataset\n      WHERE AE_SEVERITY = \"Serious\";\n   QUIT;\n\n   %IF &ae_count > &threshold %THEN %DO;\n      %PUT High number of serious adverse events detected.;\n   %END;\n   %ELSE %DO;\n      %PUT Serious adverse events are within acceptable limits.;\n   %END;\n%MEND check_ae_count;\n\n%check_ae_count(adverse_events, 50);\n```\n\n### R Function for Adverse Event (AE) Count Check\n\n``` r\ncheck_ae_count <- function(dataset, threshold) {\n  ae_count <- dataset %>%\n    filter(AE_SEVERITY == \"Serious\") %>%\n    nrow()\n  \n  if (ae_count > threshold) {\n    print(\"High number of serious adverse events detected.\")\n  } else {\n    print(\"Serious adverse events are within acceptable limits.\")\n  }\n}\n\ncheck_ae_count(adverse_events, 50)\n```\n:::\n\n------------------------------------------------------------------------\n\n## Advanced Parameterization\n\n### SAS Macro with Multiple Parameters\n\n``` sas\n%MACRO filter_data(dataset, column, value);\n   PROC SQL;\n      SELECT * FROM &dataset WHERE &column = \"&value\";\n   QUIT;\n%MEND filter_data;\n\n%filter_data(sashelp.class, sex, \"M\");\n```\n\n### R Function with Multiple Parameters\n\n``` r\nfilter_data <- function(dataset, column, value) {\n  dataset %>% filter(.data[[column]] == value)\n}\n\nfilter_data(class, \"sex\", \"M\")\n```\n\n------------------------------------------------------------------------\n\n## Debugging & Error Handling\n\n### SAS Macro Debugging\n\n``` sas\nOPTIONS MPRINT SYMBOLGEN MLOGIC;\n%filter_data(sashelp.class, age, 14);\n```\n\n### R Function Debugging\n\n``` r\ndebug(filter_data)\nfilter_data(class, \"age\", 14)\n```\n\n------------------------------------------------------------------------\n\n## Comparison\n\n| Feature | SAS Macros | R Functions |\n|------------------|-----------------------------|-------------------------|\n| Text Processing | Expands text-based macros | Works with objects and functions |\n| Debugging Tools | `MPRINT`, `SYMBOLGEN`, `MLOGIC` | `debug()`, `traceback()` |\n| Scope & Usage | SAS automation | General-purpose programming |\n| Flexibility | Limited outside SAS | Usable across multiple domains |\n| Data Processing | Used with `PROC` steps | Works within tidyverse |\n\n------------------------------------------------------------------------\n\n## Summary\n\n-   **SAS Macros** automate repetitive tasks in SAS programs.\n-   **R Functions** provide a more flexible approach with better debugging.\n-   **Looping, conditional execution, and parameterization** are possible in both.\n-   **Choosing between them depends on the workflow and tool preference.**\n\n# Conclusion\n\n## Strengths of SAS in Clinical Trials\n\n::: {style=\"font-size: 75%;\"}\n-   **Regulatory Compliance**: Accepted by FDA, EMA, and PMDA\n-   **Data Handling**: Efficient with large clinical datasets (CDISC, SDTM, ADaM)\n-   **Validation & Standardization**: Pre-defined procedures ensure consistency\n-   **Industry Adoption**: Preferred by CROs and pharmaceutical companies\n-   **PROC Procedures**: Optimized for clinical trial data processing\n\n### Example: Generating Summary Statistics in SAS\n\n``` sas\nPROC MEANS DATA=adam.adsl;\n   VAR AGE HEIGHT WEIGHT;\n   CLASS TRT;\n   OUTPUT OUT=summary_stats MEAN= / AUTONAME;\nRUN;\n```\n:::\n\n------------------------------------------------------------------------\n\n## Strengths of R in Clinical Trials\n\n::: {style=\"font-size: 75%;\"}\n-   **Flexibility & Open Source**: Free and highly extensible with packages\n-   **Advanced Statistical Modeling**: Strong in ML, Bayesian methods, and visualization\n-   **Reproducibility**: R Markdown and Quarto facilitate transparent reporting\n-   **Interactive Data Exploration**: ggplot2, Shiny for dynamic visualization\n-   **Growing Regulatory Acceptance**: Used in exploratory and confirmatory analysis\n\n### Example: Generating Summary Statistics in R\n\n``` r\nsummary_stats <- adsl %>% \n  group_by(TRT) %>% \n  summarise(across(c(AGE, HEIGHT, WEIGHT), mean, na.rm = TRUE))\n```\n:::\n\n------------------------------------------------------------------------\n\n## Key Differences: SAS vs. R\n\n::: {style=\"font-size: 85%;\"}\n| Feature | SAS | R |\n|------------------|--------------------------|----------------------------|\n| **Regulatory Approval** | Strong industry compliance | Increasing acceptance |\n| **Cost** | Licensed software | Free & open-source |\n| **Ease of Use** | Structured, PROC-based syntax | Flexible, function-based programming |\n| **Statistical Power** | Robust for standard analyses | More advanced & customizable models |\n| **Graphics & Reporting** | Basic visualization tools | Advanced (ggplot2, Shiny, Quarto) |\n| **Reproducibility** | SAS programs, macros | R Markdown, Quarto, version control |\n:::\n\n------------------------------------------------------------------------\n\n## Regulatory Considerations\n\n-   **SAS**: Pre-approved by agencies, easier for regulatory submissions\n-   **R**: Needs validation but is gaining traction (R-based RWE analysis, PK/PD modeling)\n-   **Hybrid Approach**: Many organizations use SAS for regulatory and R for exploratory analysis\n\n------------------------------------------------------------------------\n\n## Conclusion\n\n-   **SAS remains dominant for regulatory submissions** due to compliance and validation.\n-   **R excels in statistical modeling, visualization, and flexibility.**\n-   **Many organizations use both**: SAS for compliance, R for exploratory and advanced analytics.\n-   **Future Trend**: Increasing adoption of R in pharma, especially for real-world evidence (RWE) and adaptive trials.\n\n# Questions? 🤔\n\n# Thank You! 🎉\n","srcMarkdownNoYaml":"\n\n# Introduction\n\n## Introduction to R\n\n-   R is an open-source programming language widely used for statistical computing and data analysis.\n-   Unlike SAS, R is free and has a vast community contributing packages for various functionalities.\n-   R is widely used in **Clinical Data Analysis**, especially in pharmaceutical companies and CROs.\n\n------------------------------------------------------------------------\n\n## Why R is Growing in Clinical Analysis\n\n-   Regulatory bodies like the **FDA now accept R-based submissions** for clinical trials.\n-   Many pharmaceutical companies are transitioning to R due to its **cost-effectiveness and flexibility**.\n-   R offers **extensive statistical and visualization capabilities**, making it suitable for clinical research.\n-   Open-source nature enables continuous innovation and updates by a global community.\n\n------------------------------------------------------------------------\n\n## Advantages of R Over SAS\n\n-   **Cost-Effective**: R is open-source and free, whereas SAS requires a costly license.\n-   **Extensive Libraries**: Thousands of packages available for statistical modeling and machine learning.\n-   **Better Visualization**: R's **ggplot2** package offers superior graphing capabilities compared to SAS ODS.\n-   **Strong Community Support**: Active global community contributing updates and solutions.\n\n------------------------------------------------------------------------\n\n## R vs. SAS: Key Differences\n\n:::: cell\n::: {.tbl caption=\"Comparison of SAS and R\" tbl-colwidths=\"auto\" tbl-style=\"grid\"}\n| Feature | SAS | R |\n|----------------|---------------------------|-----------------------------|\n| **Cost** | Licensed (Paid) | Open-source (Free) |\n| **Interface** | GUI & Code (PROC, DATA Step) | Primarily Code-Based (RStudio, Jupyter) |\n| **Data Handling** | Structured datasets (SAS datasets) | Flexible (Data frames, tibbles) |\n| **Graphing** | PROC SGPLOT, ODS Graphics | ggplot2, base R graphics |\n| **Extensibility** | Limited to SAS procedures | Thousands of packages via CRAN |\n:::\n::::\n\n------------------------------------------------------------------------\n\n## R’s Role in the Future of Data Science\n\n-   Increasing adoption in **clinical trials, genomics, and epidemiology**.\n-   Expanding use in **AI and machine learning** applications.\n-   More companies are training employees in R due to **its growing demand in the job market**.\n-   Integration with big data platforms like **Spark and Hadoop**.\n\n------------------------------------------------------------------------\n\n## Learning R: First Steps\n\n-   Install R and RStudio for an interactive development environment.\n-   Learn base R functions for **data manipulation and statistical analysis**.\n-   Explore key packages like **dplyr, ggplot2, and tidymodels**.\n-   Join online communities and forums like **RStudio Community, Stack Overflow, and R-Ladies** for support.\n\n# Installing R, RStudio, RTools, and TinyTeX\n\n## Step 1: Install R\n\n1.  Go to [CRAN R Download](https://cran.r-project.org/).\n2.  Choose your operating system:\n    -   **Windows**: Click *Download R for Windows* → *base* → *Download*\n    -   **Mac**: Click *Download R for macOS* and choose the latest package.\n    -   **Linux**: Follow the instructions for your distribution.\n3.  Run the installer and follow the setup instructions.\n\n------------------------------------------------------------------------\n\n## Step 2: Install RStudio\n\n1.  Go to [RStudio Download](https://posit.co/download/rstudio-desktop/).\n2.  Download the installer for your operating system.\n3.  Run the installer and complete the installation.\n\n------------------------------------------------------------------------\n\n## Step 3: Install RTools (Windows Only)\n\n1.  Go to [RTools Download](https://cran.r-project.org/bin/windows/Rtools/).\n2.  Download the latest RTools installer.\n3.  Run the installer and follow the instructions.\n4.  Add RTools to system PATH (if not automatically set).\n\n------------------------------------------------------------------------\n\n## Step 4: Install TinyTeX (For LaTeX Support)\n\n1.  Open RStudio and go to the **Console**.\n\n2.  Run the following command:\n\n    ``` r\n    install.packages(\"tinytex\")\n    tinytex::install_tinytex()\n    ```\n\n3.  Restart RStudio to complete the setup.\n\n------------------------------------------------------------------------\n\n## Step 5: Installing and Loading Packages in R\n\n### Installing a Package\n\n1.  Open RStudio and go to the **Console**.\n\n2.  Use `install.packages(\"package_name\")` to install a package.\n\n    ``` r\n    install.packages(\"dplyr\")\n    ```\n\n## Step 5: Installing and Loading Packages in R\n\n### Loading a Package\n\n1.  Use `library(package_name)` to load a package.\n\n    ``` r\n    library(dplyr)\n    ```\n\n2.  If the package is not installed, install it first.\n\n------------------------------------------------------------------------\n\n## Installation Complete 🎉\n\n-   **Verify R Installation**: Run `R --version` in the terminal.\n-   **Verify RStudio**: Open RStudio and check if R is detected.\n-   **Verify TinyTeX**: Run `tinytex::is_tinytex()` in RStudio.\n\n# Syntax Differences: SAS Data Steps vs. R\n\n## Basic Syntax Differences: SAS Data Steps vs. Tidyverse in R\"\n\n-   SAS primarily relies on **DATA steps and PROC SQL** for data manipulation.\n-   R, especially with the **Tidyverse** package collection, provides a more readable and functional approach.\n-   This session covers key differences in data handling between SAS and R.\n\n------------------------------------------------------------------------\n\n## Data Import: SAS vs. R\n\n### SAS (Importing a CSV File)\n\n``` sas\nPROC IMPORT DATAFILE=\"data.csv\" \n    OUT=mydata \n    DBMS=CSV \n    REPLACE;\n    GETNAMES=YES;\nRUN;\n```\n\n### R (Using readr from Tidyverse)\n\n``` r\nlibrary(readr)\nmydata <- read_csv(\"data.csv\")\n```\n\n-   **PROC IMPORT** in SAS → `read_csv()` in R.\n-   R functions allow more customization and flexibility.\n\n------------------------------------------------------------------------\n\n## Filtering Data: SAS vs. R\n\n### SAS (Using WHERE in DATA Step)\n\n``` sas\nDATA new_data;\n    SET mydata;\n    WHERE age > 30;\nRUN;\n```\n\n### R (Using dplyr's filter)\n\n``` r\nlibrary(dplyr)\nnew_data <- mydata %>% \n    filter(age > 30)\n```\n\n-   **WHERE statement (SAS)** → `filter()` function (R).\n-   Tidyverse allows piping (`%>%`) for sequential operations.\n\n------------------------------------------------------------------------\n\n## Creating New Variables: SAS vs. R\n\n### SAS (Using DATA Step)\n\n``` sas\nDATA new_data;\n    SET mydata;\n    new_var = old_var * 2;\nRUN;\n```\n\n### R (Using dplyr's mutate)\n\n``` r\nnew_data <- mydata %>% \n    mutate(new_var = old_var * 2)\n```\n\n-   **Assignment in DATA step (SAS)** → `mutate()` function in R.\n-   More intuitive in R with chaining operations.\n\n------------------------------------------------------------------------\n\n## Sorting Data: SAS vs. R\n\n### SAS (Using PROC SORT)\n\n``` sas\nPROC SORT DATA=mydata OUT=sorted_data;\n    BY age;\nRUN;\n```\n\n### R (Using dplyr's arrange)\n\n``` r\nsorted_data <- mydata %>% \n    arrange(age)\n```\n\n-   **PROC SORT (SAS)** → `arrange()` function (R).\n-   R allows sorting by multiple variables using `arrange(var1, desc(var2))`.\n\n------------------------------------------------------------------------\n\n## Removing Duplicates: SAS vs. R\n\n### SAS (Using PROC SORT with NODUPKEY)\n\n``` sas\nPROC SORT DATA=mydata NODUPKEY OUT=unique_data;\n    BY id;\nRUN;\n```\n\n### R (Using distinct from dplyr)\n\n``` r\nunique_data <- mydata %>% \n    distinct(id, .keep_all = TRUE)\n```\n\n-   **PROC SORT with NODUPKEY (SAS)** → `distinct()` function (R).\n\n------------------------------------------------------------------------\n\n## Summarizing Data: SAS vs. R\n\n### SAS (Using PROC MEANS)\n\n``` sas\nPROC MEANS DATA=mydata;\n    VAR salary;\n    CLASS department;\nRUN;\n```\n\n### R (Using dplyr's summarize)\n\n``` r\nsummary_data <- mydata %>% \n    group_by(department) %>% \n    summarize(mean_salary = mean(salary, na.rm = TRUE))\n```\n\n-   **PROC MEANS (SAS)** → `summarize()` function (R).\n-   Grouping done using `group_by()` in R.\n\n------------------------------------------------------------------------\n\n## Merging Data: SAS vs. R\n\n### SAS (Using MERGE in DATA Step)\n\n``` sas\nDATA merged_data;\n    MERGE dataset1 dataset2;\n    BY ID;\nRUN;\n```\n\n### R (Using dplyr's join functions)\n\n``` r\nmerged_data <- left_join(dataset1, dataset2, by = \"ID\")\n```\n\n-   **MERGE statement (SAS)** → `left_join()` or other join functions (R).\n-   R provides multiple join types (inner, outer, left, right) through `dplyr`.\n\n------------------------------------------------------------------------\n\n## Conditional Processing: SAS vs. R\n\n### SAS (Using IF-THEN)\n\n``` sas\nDATA new_data;\n    SET mydata;\n    IF age > 50 THEN category = \"Senior\";\n    ELSE category = \"Junior\";\nRUN;\n```\n\n### R (Using dplyr's mutate and if_else)\n\n``` r\nnew_data <- mydata %>% \n    mutate(category = if_else(age > 50, \"Senior\", \"Junior\"))\n```\n\n-   **IF-THEN logic (SAS)** → `if_else()` function (R).\n\n------------------------------------------------------------------------\n\n## Summary\n\n| Operation         | SAS (Data Step)    | R (Tidyverse) |\n|-------------------|--------------------|---------------|\n| Import Data       | PROC IMPORT        | read_csv()    |\n| Filter Data       | WHERE              | filter()      |\n| Create Variable   | Assignment (=)     | mutate()      |\n| Sort Data         | PROC SORT          | arrange()     |\n| Remove Duplicates | PROC SORT NODUPKEY | distinct()    |\n| Summarize Data    | PROC MEANS         | summarize()   |\n| Merge Data        | MERGE              | left_join()   |\n| Conditional Logic | IF-THEN            | if_else()     |\n\n# Working with Data in R\n\n## Reading and Writing Data\n\n#### Reading CSV Files\n\n``` r\n# Read a CSV file into a data frame\nmy_data <- read.csv(\"data.csv\")\n```\n\n#### Reading Excel Files\n\n``` r\nlibrary(readxl)\nmy_data <- read_excel(\"data.xlsx\", sheet = 1)\n```\n\n#### Reading SAS Files\n\n``` r\nlibrary(haven)\nmy_data <- read_sas(\"data.sas7bdat\")\n```\n\n#### Reading Other Formats\n\n``` r\n# Read a JSON file\nlibrary(jsonlite)\nmy_data <- fromJSON(\"data.json\")\n\n# Read a TXT file\nmy_data <- read.table(\"data.txt\", header = TRUE)\n```\n\n------------------------------------------------------------------------\n\n### Writing Data\n\n#### Writing CSV Files\n\n``` r\nwrite.csv(my_data, \"output.csv\", row.names = FALSE)\n```\n\n\\n\n\n#### Writing Excel Files\n\n``` r\nlibrary(writexl)\nwrite_xlsx(my_data, \"output.xlsx\")\n```\n\n#### Writing SAS Files\n\n``` r\nlibrary(haven)\nwrite_sas(my_data, \"output.sas7bdat\")\n```\n\n#### Writing JSON Files\n\n``` r\nlibrary(jsonlite)\nwrite_json(my_data, \"output.json\")\n```\n\n------------------------------------------------------------------------\n\n## Working with Data Frames\n\n#### Creating a Data Frame\n\n``` r\ndata_frame <- data.frame(\n  ID = 1:5,\n  Name = c(\"Alice\", \"Bob\", \"Charlie\", \"David\", \"Eve\"),\n  Age = c(25, 30, 35, 40, 45)\n)\n```\n\n## Working with Data Frames\n\n### Viewing Data\n\n``` r\nhead(data_frame)\ntail(data_frame)\nstr(data_frame)\nsummary(data_frame)\n```\n\n## Working with Data Frames\n\n### Manipulating Data\n\n``` r\n# Selecting Columns\ndata_frame[, c(\"ID\", \"Name\")]\n\n# Filtering Rows\nsubset(data_frame, Age > 30)\n\n# Adding a New Column\ndata_frame$Salary <- c(50000, 55000, 60000, 65000, 70000)\n```\n\n## Working with Data Frames\n\n### Removing Missing Values\n\n``` r\ndata_frame <- na.omit(data_frame)\n```\n\n------------------------------------------------------------------------\n\n## Summary\n\n-   **Read and write various file formats** (CSV, Excel, SAS, JSON, TXT)\n-   **Create and manipulate data frames**\n-   **Filter, select, and clean data efficiently**\n\nReady to move on to data manipulation techniques with `dplyr`? 🚀\n\n# Data Manipulation\n\n## Introduction to Data Manipulation\n\n::: {style=\"font-size: 70%;\"}\n-   Transforming and cleaning data efficiently\\\n-   Comparing **Tidyverse (R)** and **PROC SQL (SAS)**\\\n-   **Why is data manipulation important?**\n    -   Ensures data accuracy and consistency\\\n    -   Prepares raw data for analysis\\\n    -   Facilitates better decision-making\\\n-   **Key operations:**\n    -   **Filtering**: Extracting specific subsets of data\\\n    -   **Aggregation**: Summarizing numerical data\\\n    -   **Joins**: Merging multiple datasets\\\n    -   **Sorting**: Organizing data efficiently\\\n    -   **Case Statements**: Conditional processing of data\n:::\n\n------------------------------------------------------------------------\n\n## Filtering Data\n\n#### SAS (PROC SQL)\n\n``` sas\nPROC SQL;\n   SELECT * FROM employees\n   WHERE salary > 50000;\nQUIT;\n```\n\n#### R (Tidyverse)\n\n``` r\nlibrary(dplyr)\nemployees %>% \n  filter(salary > 50000)\n```\n\n------------------------------------------------------------------------\n\n## Filtering Data\n\n**Additional filtering operations:**\n\n::: {style=\"font-size: 75%;\"}\n-   **Multiple conditions:**\n    -   SAS: `WHERE salary > 50000 AND department = 'HR';`\n    -   R: `filter(salary > 50000, department == \"HR\")`\n-   **Using OR condition:**\n    -   SAS: `WHERE salary > 50000 OR department = 'HR';`\n    -   R: `filter(salary > 50000 | department == \"HR\")`\n-   **Using IN condition:**\n    -   SAS: `WHERE department IN ('HR', 'Finance');`\n    -   R: `filter(department %in% c(\"HR\", \"Finance\"))`\n:::\n\n------------------------------------------------------------------------\n\n## Aggregation & Summarization\n\n::: {style=\"font-size: 75%;\"}\n#### SAS (PROC SQL)\n\n``` sas\nPROC SQL;\n   SELECT department, AVG(salary) AS avg_salary, COUNT(*) AS total_employees\n   FROM employees\n   GROUP BY department;\nQUIT;\n```\n\n#### R (Tidyverse)\n\n``` r\nemployees %>% \n  group_by(department) %>% \n  summarise(\n    avg_salary = mean(salary),\n    total_employees = n()\n  )\n```\n\n**Additional aggregation operations:**\n\n-   `SUM(salary) AS total_salary` (SAS) → `summarise(total_salary = sum(salary))` (R)\n-   `MIN(salary) AS min_salary, MAX(salary) AS max_salary` (SAS) → `summarise(min_salary = min(salary), max_salary = max(salary))`. (R)\n:::\n\n------------------------------------------------------------------------\n\n## Sorting Data\n\n#### SAS (PROC SQL)\n\n``` sas\nPROC SQL;\n   SELECT * FROM employees\n   ORDER BY salary DESC;\nQUIT;\n```\n\n#### R (Tidyverse)\n\n``` r\nemployees %>% \n  arrange(desc(salary))\n```\n\n**Sorting with multiple columns:**\n\n-   `ORDER BY department, salary DESC` (SAS) → `arrange(department, desc(salary))` (R)\n\n------------------------------------------------------------------------\n\n## Joins (Merging Datasets)\n\n::: {style=\"font-size: 75%;\"}\n#### SAS (PROC SQL)\n\n``` sas\nPROC SQL;\n   SELECT a.*, b.department\n   FROM employees a\n   LEFT JOIN departments b\n   ON a.dept_id = b.dept_id;\nQUIT;\n```\n\n#### R (Tidyverse)\n\n``` r\nemployees %>% \n  left_join(departments, by = \"dept_id\")\n```\n\n**Other join types:**\n\n-   **Inner Join:** `inner_join(employees, departments, by = \"dept_id\")`\n-   **Right Join:** `right_join(employees, departments, by = \"dept_id\")`\n-   **Full Join:** `full_join(employees, departments, by = \"dept_id\")`\n:::\n\n------------------------------------------------------------------------\n\n## Case Statements & Conditional Processing\n\n::: {style=\"font-size: 75%;\"}\n#### SAS (PROC SQL)\n\n``` sas\nPROC SQL;\n   SELECT name, salary,\n   CASE \n      WHEN salary > 70000 THEN 'High'\n      WHEN salary BETWEEN 40000 AND 70000 THEN 'Medium'\n      ELSE 'Low'\n   END AS salary_category\n   FROM employees;\nQUIT;\n```\n\n#### R (Tidyverse)\n\n``` r\nemployees %>% \n  mutate(salary_category = case_when(\n    salary > 70000 ~ \"High\",\n    salary >= 40000 & salary <= 70000 ~ \"Medium\",\n    TRUE ~ \"Low\"\n  ))\n```\n:::\n\n------------------------------------------------------------------------\n\n## Summary\n\n-   **Tidyverse provides concise, readable syntax**\n-   **PROC SQL is familiar to SAS users but more verbose**\n-   **Both methods offer powerful data manipulation tools**\n-   **Additional topics covered:** Case statements, multiple conditions, joins\n\nReady to dive deeper into Statistical Analysis? 🚀\n\n# Statistical Analysis: Basic Modeling & Hypothesis Testing\n\n## Introduction to Statistical Analysis\n\n-   Understanding key statistical concepts\n-   Comparing **SAS (PROC)** and **R (Base R & Tidyverse)**\n-   **Key Topics:**\n    -   Descriptive Statistics\n    -   Hypothesis Testing\n    -   Regression Analysis\n    -   Model Diagnostics\n\n------------------------------------------------------------------------\n\n## Descriptive Statistics\n\n#### SAS (PROC MEANS & PROC FREQ)\n\n``` sas\nPROC MEANS DATA=dataset MEAN MEDIAN STD MIN MAX;\n   VAR age salary;\nRUN;\n\nPROC FREQ DATA=dataset;\n   TABLES gender job_role;\nRUN;\n```\n\n#### R (Base R & Tidyverse)\n\n``` r\nsummary(dataset[, c(\"age\", \"salary\")])\n\nlibrary(dplyr)\ndataset %>% summarise(\n  mean_age = mean(age, na.rm = TRUE),\n  median_salary = median(salary, na.rm = TRUE),\n  sd_salary = sd(salary, na.rm = TRUE)\n)\n\ntable(dataset$gender)\n```\n\n------------------------------------------------------------------------\n\n## Hypothesis Testing\n\n::: {style=\"font-size: 75%;\"}\n### t-Test (Comparing Means)\n\n### SAS\n\n``` sas\nPROC TTEST DATA=mydata;\n   CLASS group;\n   VAR outcome;\nRUN;\n```\n\n### R\n\n``` r\nt.test(outcome ~ group, data = mydata)\n```\n\n### z-Test (Comparing Proportions)\n\n### SAS\n\n``` sas\nPROC FREQ DATA=mydata;\n   TABLES group*outcome / CHISQ;\nRUN;\n```\n\n### R\n\n``` r\nprop.test(x = c(45, 55), n = c(100, 100))\n```\n:::\n\n------------------------------------------------------------------------\n\n## Chi-Square Test (Categorical Variables)\n\n#### SAS (PROC FREQ)\n\n``` sas\nPROC FREQ DATA=dataset;\n   TABLES gender*job_role / CHISQ;\nRUN;\n```\n\n#### R (chisq.test Function)\n\n``` r\ntable_data <- table(dataset$gender, dataset$job_role)\nchisq.test(table_data)\n```\n\n------------------------------------------------------------------------\n\n## Non-Parametric Tests\n\n::: {style=\"font-size: 75%;\"}\n### Wilcoxon Rank-Sum Test (Mann-Whitney U Test)\n\n#### SAS\n\n``` sas\nPROC NPAR1WAY WILCOXON DATA=mydata;\n   CLASS group;\n   VAR outcome;\nRUN;\n```\n\n#### R\n\n``` r\nwilcox.test(outcome ~ group, data = mydata)\n```\n\n### Kruskal-Wallis Test (Non-Parametric ANOVA)\n\n#### SAS\n\n``` sas\nPROC NPAR1WAY DATA=mydata WILCOXON;\n   CLASS group;\n   VAR outcome;\nRUN;\n```\n\n#### R\n\n``` r\nkruskal.test(outcome ~ group, data = mydata)\n```\n:::\n\n------------------------------------------------------------------------\n\n## Correlation Analysis\n\n#### SAS\n\n``` sas\nPROC CORR DATA=mydata;\n   VAR var1 var2;\nRUN;\n```\n\n#### R\n\n``` r\ncor.test(mydata$var1, mydata$var2)\n```\n\n## ANOVA (Comparing Multiple Groups)\n\n#### SAS (PROC ANOVA)\n\n``` sas\nPROC ANOVA DATA=dataset;\n   CLASS job_role;\n   MODEL salary = job_role;\n   MEANS job_role / TUKEY;\nRUN;\n```\n\n#### R (aov Function)\n\n``` r\nanova_model <- aov(salary ~ job_role, data = dataset)\nsummary(anova_model)\n```\n\n------------------------------------------------------------------------\n\n## Regression Analysis\n\n::: {style=\"font-size: 75%;\"}\n### Linear Regression\n\n#### SAS (PROC REG)\n\n``` sas\nPROC REG DATA=dataset;\n   MODEL salary = age experience education;\nRUN;\nQUIT;\n```\n\n#### R (lm Function)\n\n``` r\nlm_model <- lm(salary ~ age + experience + education, data = dataset)\nsummary(lm_model)\n```\n\n### Logistic Regression\n\n#### SAS (PROC LOGISTIC)\n\n``` sas\nPROC LOGISTIC DATA=dataset;\n   MODEL promotion (EVENT='1') = age experience salary;\nRUN;\n```\n\n#### R (glm Function)\n\n``` r\nglm_model <- glm(promotion ~ age + experience + salary, data = dataset, family = binomial)\nsummary(glm_model)\n```\n:::\n\n------------------------------------------------------------------------\n\n## Model Diagnostics & Interpretation\n\n#### SAS (PROC REG Diagnostics)\n\n``` sas\nPROC REG DATA=dataset PLOTS=ALL;\n   MODEL salary = age experience education;\nRUN;\n```\n\n#### R (Diagnostic Plots)\n\n``` r\npar(mfrow=c(2,2))\nplot(lm_model)\n```\n\n------------------------------------------------------------------------\n\n## Summary\n\n✔ **Descriptive statistics** help understand data distribution.\\\n✔ **Hypothesis tests (t-test, chi-square, ANOVA)** determine significance.\\\n✔ **Regression models (linear/logistic)** predict outcomes.\\\n✔ **Model diagnostics** check the validity of results.\n\nReady to explore **Data Visualization**? 🚀\n\n# Visualization with R - ggplot2 vs. SAS\n\n## Introduction to Data Visualization\n\n-   Importance of effective data visualization\n-   Comparing **ggplot2 (R)** and **PROC SGPLOT (SAS)**\n-   Key visualization techniques:\n    -   **Bar Charts**\n    -   **Histograms & Density Plots**\n    -   **Scatter Plots**\n    -   **Box Plots**\n    -   **Facet Grids**\n    -   **Custom Themes & Labels**\n\n------------------------------------------------------------------------\n\n## Bar Charts\n\n#### SAS (PROC SGPLOT)\n\n``` sas\nPROC SGPLOT DATA=sashelp.class;\n   VBAR age / RESPONSE=height STAT=MEAN;\nRUN;\n```\n\n#### R (ggplot2)\n\n``` r\nlibrary(ggplot2)\nggplot(data = class, aes(x = age, y = height)) +\n  geom_bar(stat = \"summary\", fun = \"mean\")\n```\n\n##### Additional Features:\n\n-   **Stacked Bar Chart**: `geom_bar(position = \"stack\")`\n-   **Grouped Bar Chart**: `geom_bar(position = \"dodge\")`\n-   **Adding Labels**: `geom_text(aes(label = height))`\n\n------------------------------------------------------------------------\n\n## Histograms & Density Plots\n\n#### SAS (PROC SGPLOT)\n\n``` sas\nPROC SGPLOT DATA=sashelp.class;\n   HISTOGRAM height / NBINS=10;\n   DENSITY height;\nRUN;\n```\n\n#### R (ggplot2)\n\n``` r\nggplot(data = class, aes(x = height)) +\n  geom_histogram(bins = 10, fill = \"blue\", alpha = 0.5) +\n  geom_density(color = \"red\")\n```\n\n##### Enhancements:\n\n-   **Change bin width**: `geom_histogram(binwidth = 5)`\n-   **Overlay multiple distributions**\n\n------------------------------------------------------------------------\n\n## Scatter Plots\n\n#### SAS (PROC SGPLOT)\n\n``` sas\nPROC SGPLOT DATA=sashelp.class;\n   SCATTER x=height y=weight;\nRUN;\n```\n\n#### R (ggplot2)\n\n``` r\nggplot(data = class, aes(x = height, y = weight)) +\n  geom_point(color = \"blue\")\n```\n\n##### Additional Features:\n\n-   **Adding trend lines**: `geom_smooth(method = \"lm\")`\n-   **Coloring by category**: `aes(color = gender)`\n\n------------------------------------------------------------------------\n\n## Box Plots\n\n#### SAS (PROC SGPLOT)\n\n``` sas\nPROC SGPLOT DATA=sashelp.class;\n   VBOX height / CATEGORY=age;\nRUN;\n```\n\n#### R (ggplot2)\n\n``` r\nggplot(data = class, aes(x = as.factor(age), y = height)) +\n  geom_boxplot(fill = \"lightblue\")\n```\n\n##### Customizations:\n\n-   **Change colors**: `fill = \"red\"`\n-   **Add jittered points**: `geom_jitter()`\n\n------------------------------------------------------------------------\n\n## Facet Grids & Custom Themes\n\n#### SAS (PROC SGPANEL)\n\n``` sas\nPROC SGPANEL DATA=sashelp.class;\n   PANELBY gender;\n   SCATTER x=height y=weight;\nRUN;\n```\n\n#### R (ggplot2)\n\n``` r\nggplot(data = class, aes(x = height, y = weight)) +\n  geom_point() +\n  facet_wrap(~ gender)\n```\n\n##### Custom Themes:\n\n``` r\nggplot(data = class, aes(x = height, y = weight)) +\n  geom_point() +\n  theme_minimal()\n```\n\n------------------------------------------------------------------------\n\n## Summary\n\n-   **ggplot2 provides layered, flexible visualizations**\n-   **SAS PROC SGPLOT is powerful but less flexible**\n-   **Both support statistical overlays, facet grids, and custom themes**\n-   **Choosing the right tool depends on data complexity and output requirements**\n\nNext, we'll dive into **SAS Macros vs. R Functions** 🚀\n\n# SAS Macros vs. R Functions\n\n## Introduction to Automation in SAS & R\n\n-   Why automate repetitive tasks?\n-   **SAS Macros** vs. **R Functions**\n-   Key comparisons:\n    -   **Concepts & Differences**\n    -   **Parameterization**\n    -   **Looping & Iteration**\n    -   **Conditional Execution**\n    -   **Modular Code Reuse**\n    -   **Debugging & Error Handling**\n\n------------------------------------------------------------------------\n\n## Concepts & Differences\n\n::: {style=\"font-size: 90%;\"}\n| Feature | SAS Macros | R Functions |\n|------------------|---------------------------|---------------------------|\n| Definition | Preprocessor for code automation | Self-contained reusable block of code |\n| Execution | Executes before SAS compiles | Executes during runtime |\n| Scope | Operates at the text level | Operates on objects/data |\n| Debugging | Requires macro options (`MPRINT`, `SYMBOLGEN`) | Easier with built-in debugging tools |\n| Flexibility | Primarily for SAS workflows | Used in multiple domains, including ML, visualization |\n:::\n\n------------------------------------------------------------------------\n\n## Defining a Simple Macro/Function\n\n### SAS Macro\n\n``` sas\n%MACRO summarize_data(dataset, var);\n   PROC MEANS DATA=&dataset;\n      VAR &var;\n   RUN;\n%MEND summarize_data;\n\n%summarize_data(sashelp.class, height);\n```\n\n### R Function\n\n``` r\nsummarize_data <- function(dataset, var) {\n  dataset %>% \n    summarise(mean_value = mean(.data[[var]], na.rm = TRUE))\n}\n\nsummarize_data(class, \"height\")\n```\n\n------------------------------------------------------------------------\n\n## Looping & Iteration\n\n### SAS Macro Loop\n\n``` sas\n%MACRO loop_example;\n   %DO i = 1 %TO 5;\n      %PUT Loop Iteration: &i;\n   %END;\n%MEND loop_example;\n\n%loop_example;\n```\n\n### R Function with Loop\n\n``` r\nloop_example <- function() {\n  for (i in 1:5) {\n    print(paste(\"Loop Iteration:\", i))\n  }\n}\n\nloop_example()\n```\n\n::: {style=\"font-size: 68%;\"}\n## Conditional Execution in Clinical Analysis\n\n### SAS Macro for Adverse Event (AE) Count Check\n\n``` sas\n%MACRO check_ae_count(dataset, threshold);\n   PROC SQL NOPRINT;\n      SELECT COUNT(*) INTO :ae_count\n      FROM &dataset\n      WHERE AE_SEVERITY = \"Serious\";\n   QUIT;\n\n   %IF &ae_count > &threshold %THEN %DO;\n      %PUT High number of serious adverse events detected.;\n   %END;\n   %ELSE %DO;\n      %PUT Serious adverse events are within acceptable limits.;\n   %END;\n%MEND check_ae_count;\n\n%check_ae_count(adverse_events, 50);\n```\n\n### R Function for Adverse Event (AE) Count Check\n\n``` r\ncheck_ae_count <- function(dataset, threshold) {\n  ae_count <- dataset %>%\n    filter(AE_SEVERITY == \"Serious\") %>%\n    nrow()\n  \n  if (ae_count > threshold) {\n    print(\"High number of serious adverse events detected.\")\n  } else {\n    print(\"Serious adverse events are within acceptable limits.\")\n  }\n}\n\ncheck_ae_count(adverse_events, 50)\n```\n:::\n\n------------------------------------------------------------------------\n\n## Advanced Parameterization\n\n### SAS Macro with Multiple Parameters\n\n``` sas\n%MACRO filter_data(dataset, column, value);\n   PROC SQL;\n      SELECT * FROM &dataset WHERE &column = \"&value\";\n   QUIT;\n%MEND filter_data;\n\n%filter_data(sashelp.class, sex, \"M\");\n```\n\n### R Function with Multiple Parameters\n\n``` r\nfilter_data <- function(dataset, column, value) {\n  dataset %>% filter(.data[[column]] == value)\n}\n\nfilter_data(class, \"sex\", \"M\")\n```\n\n------------------------------------------------------------------------\n\n## Debugging & Error Handling\n\n### SAS Macro Debugging\n\n``` sas\nOPTIONS MPRINT SYMBOLGEN MLOGIC;\n%filter_data(sashelp.class, age, 14);\n```\n\n### R Function Debugging\n\n``` r\ndebug(filter_data)\nfilter_data(class, \"age\", 14)\n```\n\n------------------------------------------------------------------------\n\n## Comparison\n\n| Feature | SAS Macros | R Functions |\n|------------------|-----------------------------|-------------------------|\n| Text Processing | Expands text-based macros | Works with objects and functions |\n| Debugging Tools | `MPRINT`, `SYMBOLGEN`, `MLOGIC` | `debug()`, `traceback()` |\n| Scope & Usage | SAS automation | General-purpose programming |\n| Flexibility | Limited outside SAS | Usable across multiple domains |\n| Data Processing | Used with `PROC` steps | Works within tidyverse |\n\n------------------------------------------------------------------------\n\n## Summary\n\n-   **SAS Macros** automate repetitive tasks in SAS programs.\n-   **R Functions** provide a more flexible approach with better debugging.\n-   **Looping, conditional execution, and parameterization** are possible in both.\n-   **Choosing between them depends on the workflow and tool preference.**\n\n# Conclusion\n\n## Strengths of SAS in Clinical Trials\n\n::: {style=\"font-size: 75%;\"}\n-   **Regulatory Compliance**: Accepted by FDA, EMA, and PMDA\n-   **Data Handling**: Efficient with large clinical datasets (CDISC, SDTM, ADaM)\n-   **Validation & Standardization**: Pre-defined procedures ensure consistency\n-   **Industry Adoption**: Preferred by CROs and pharmaceutical companies\n-   **PROC Procedures**: Optimized for clinical trial data processing\n\n### Example: Generating Summary Statistics in SAS\n\n``` sas\nPROC MEANS DATA=adam.adsl;\n   VAR AGE HEIGHT WEIGHT;\n   CLASS TRT;\n   OUTPUT OUT=summary_stats MEAN= / AUTONAME;\nRUN;\n```\n:::\n\n------------------------------------------------------------------------\n\n## Strengths of R in Clinical Trials\n\n::: {style=\"font-size: 75%;\"}\n-   **Flexibility & Open Source**: Free and highly extensible with packages\n-   **Advanced Statistical Modeling**: Strong in ML, Bayesian methods, and visualization\n-   **Reproducibility**: R Markdown and Quarto facilitate transparent reporting\n-   **Interactive Data Exploration**: ggplot2, Shiny for dynamic visualization\n-   **Growing Regulatory Acceptance**: Used in exploratory and confirmatory analysis\n\n### Example: Generating Summary Statistics in R\n\n``` r\nsummary_stats <- adsl %>% \n  group_by(TRT) %>% \n  summarise(across(c(AGE, HEIGHT, WEIGHT), mean, na.rm = TRUE))\n```\n:::\n\n------------------------------------------------------------------------\n\n## Key Differences: SAS vs. R\n\n::: {style=\"font-size: 85%;\"}\n| Feature | SAS | R |\n|------------------|--------------------------|----------------------------|\n| **Regulatory Approval** | Strong industry compliance | Increasing acceptance |\n| **Cost** | Licensed software | Free & open-source |\n| **Ease of Use** | Structured, PROC-based syntax | Flexible, function-based programming |\n| **Statistical Power** | Robust for standard analyses | More advanced & customizable models |\n| **Graphics & Reporting** | Basic visualization tools | Advanced (ggplot2, Shiny, Quarto) |\n| **Reproducibility** | SAS programs, macros | R Markdown, Quarto, version control |\n:::\n\n------------------------------------------------------------------------\n\n## Regulatory Considerations\n\n-   **SAS**: Pre-approved by agencies, easier for regulatory submissions\n-   **R**: Needs validation but is gaining traction (R-based RWE analysis, PK/PD modeling)\n-   **Hybrid Approach**: Many organizations use SAS for regulatory and R for exploratory analysis\n\n------------------------------------------------------------------------\n\n## Conclusion\n\n-   **SAS remains dominant for regulatory submissions** due to compliance and validation.\n-   **R excels in statistical modeling, visualization, and flexibility.**\n-   **Many organizations use both**: SAS for compliance, R for exploratory and advanced analytics.\n-   **Future Trend**: Increasing adoption of R in pharma, especially for real-world evidence (RWE) and adaptive trials.\n\n# Questions? 🤔\n\n# Thank You! 🎉\n"},"formats":{"revealjs":{"identifier":{"display-name":"RevealJS","target-format":"revealjs","base-format":"revealjs"},"execute":{"fig-width":10,"fig-height":5,"fig-format":"retina","fig-dpi":96,"df-print":"default","error":false,"eval":true,"cache":null,"freeze":false,"echo":false,"output":true,"warning":false,"include":true,"keep-md":false,"keep-ipynb":false,"ipynb":null,"enabled":null,"daemon":null,"daemon-restart":false,"debug":false,"ipynb-filters":[],"ipynb-shell-interactivity":null,"plotly-connected":true,"engine":"markdown"},"render":{"keep-tex":false,"keep-typ":false,"keep-source":false,"keep-hidden":false,"prefer-html":false,"output-divs":true,"output-ext":"html","fig-align":"default","fig-pos":null,"fig-env":null,"code-fold":"none","code-overflow":"scroll","code-link":false,"code-line-numbers":true,"code-tools":false,"tbl-colwidths":"auto","merge-includes":true,"inline-includes":false,"preserve-yaml":false,"latex-auto-mk":true,"latex-auto-install":true,"latex-clean":true,"latex-min-runs":1,"latex-max-runs":10,"latex-makeindex":"makeindex","latex-makeindex-opts":[],"latex-tlmgr-opts":[],"latex-input-paths":[],"latex-output-dir":null,"link-external-icon":false,"link-external-newwindow":false,"self-contained-math":false,"format-resources":[]},"pandoc":{"standalone":true,"wrap":"none","default-image-extension":"png","html-math-method":{"method":"mathjax","url":"https://cdnjs.cloudflare.com/ajax/libs/mathjax/2.7.0/MathJax.js?config=TeX-AMS_HTML-full"},"slide-level":2,"to":"revealjs","css":["styles.css"],"output-file":"SAS2R.html"},"language":{"toc-title-document":"Table of contents","toc-title-website":"On this page","related-formats-title":"Other Formats","related-notebooks-title":"Notebooks","source-notebooks-prefix":"Source","other-links-title":"Other Links","code-links-title":"Code Links","launch-dev-container-title":"Launch Dev Container","launch-binder-title":"Launch Binder","article-notebook-label":"Article Notebook","notebook-preview-download":"Download Notebook","notebook-preview-download-src":"Download Source","notebook-preview-back":"Back to Article","manuscript-meca-bundle":"MECA Bundle","section-title-abstract":"Abstract","section-title-appendices":"Appendices","section-title-footnotes":"Footnotes","section-title-references":"References","section-title-reuse":"Reuse","section-title-copyright":"Copyright","section-title-citation":"Citation","appendix-attribution-cite-as":"For attribution, please cite this work as:","appendix-attribution-bibtex":"BibTeX citation:","appendix-view-license":"View License","title-block-author-single":"Author","title-block-author-plural":"Authors","title-block-affiliation-single":"Affiliation","title-block-affiliation-plural":"Affiliations","title-block-published":"Published","title-block-modified":"Modified","title-block-keywords":"Keywords","callout-tip-title":"Tip","callout-note-title":"Note","callout-warning-title":"Warning","callout-important-title":"Important","callout-caution-title":"Caution","code-summary":"Code","code-tools-menu-caption":"Code","code-tools-show-all-code":"Show All Code","code-tools-hide-all-code":"Hide All Code","code-tools-view-source":"View Source","code-tools-source-code":"Source Code","tools-share":"Share","tools-download":"Download","code-line":"Line","code-lines":"Lines","copy-button-tooltip":"Copy to Clipboard","copy-button-tooltip-success":"Copied!","repo-action-links-edit":"Edit this page","repo-action-links-source":"View source","repo-action-links-issue":"Report an issue","back-to-top":"Back to top","search-no-results-text":"No results","search-matching-documents-text":"matching documents","search-copy-link-title":"Copy link to search","search-hide-matches-text":"Hide additional matches","search-more-match-text":"more match in this document","search-more-matches-text":"more matches in this document","search-clear-button-title":"Clear","search-text-placeholder":"","search-detached-cancel-button-title":"Cancel","search-submit-button-title":"Submit","search-label":"Search","toggle-section":"Toggle section","toggle-sidebar":"Toggle sidebar navigation","toggle-dark-mode":"Toggle dark mode","toggle-reader-mode":"Toggle reader mode","toggle-navigation":"Toggle navigation","crossref-fig-title":"Figure","crossref-tbl-title":"Table","crossref-lst-title":"Listing","crossref-thm-title":"Theorem","crossref-lem-title":"Lemma","crossref-cor-title":"Corollary","crossref-prp-title":"Proposition","crossref-cnj-title":"Conjecture","crossref-def-title":"Definition","crossref-exm-title":"Example","crossref-exr-title":"Exercise","crossref-ch-prefix":"Chapter","crossref-apx-prefix":"Appendix","crossref-sec-prefix":"Section","crossref-eq-prefix":"Equation","crossref-lof-title":"List of Figures","crossref-lot-title":"List of Tables","crossref-lol-title":"List of Listings","environment-proof-title":"Proof","environment-remark-title":"Remark","environment-solution-title":"Solution","listing-page-order-by":"Order By","listing-page-order-by-default":"Default","listing-page-order-by-date-asc":"Oldest","listing-page-order-by-date-desc":"Newest","listing-page-order-by-number-desc":"High to Low","listing-page-order-by-number-asc":"Low to High","listing-page-field-date":"Date","listing-page-field-title":"Title","listing-page-field-description":"Description","listing-page-field-author":"Author","listing-page-field-filename":"File Name","listing-page-field-filemodified":"Modified","listing-page-field-subtitle":"Subtitle","listing-page-field-readingtime":"Reading Time","listing-page-field-wordcount":"Word Count","listing-page-field-categories":"Categories","listing-page-minutes-compact":"{0} min","listing-page-category-all":"All","listing-page-no-matches":"No matching items","listing-page-words":"{0} words","listing-page-filter":"Filter","draft":"Draft"},"metadata":{"lang":"en","fig-responsive":false,"quarto-version":"1.5.57","auto-stretch":true,"editor":"visual","title":"Transitioning from SAS to R: A Comprehensive Guide","subtitle":"Leveraging R for Statistical Computing and Clinical Data Analysis","author":"Mahesh Divakaran","logo":"iqvia.png","logo-position":"top-right","transition":"slide","transitionSpeed":"fast","theme":["custom.scss"],"slideNumber":true,"table-class":"table-hover table-striped table-bordered"}}},"projectFormats":[]}